w,T,Expected Viol.,Violations,Violation Rate,VR Gap,Coverage Bias,Tick Loss,Winkler Score,Mean VaR Level,Max VaR Level,Min VaR Level,Mean VaR 2020,Max VaR 2020,n_negative_var,p_UC,UC Test,p_CC,CC Test,p_DQ,DQ Test,p_Mean,Valid(CC&DQ)
1,2506,25.060000000000024,28,0.0111731843575419,0.001173184357541891,0.001173184357541891,0.00030996178028412733,0.018363826251848795,0.018107814856649564,0.03008941560983658,0.007403301075100899,0.017325955213036433,0.03008941560983658,0,0.5623493336834248,PASS,0.010752010859284677,FAIL,0.0,FAIL,0.19103378151423647,NO
5,2506,25.060000000000024,22,0.008778930566640064,0.0012210694333599451,-0.0012210694333599451,0.0003086238013599062,0.018750233790943413,0.018504948280930092,0.03089616820216179,0.007498434744775295,0.01840364134896443,0.030622484162449837,0,0.5303970285592086,PASS,0.039998258017895916,FAIL,0.0,FAIL,0.19013176219236816,NO
10,2506,25.060000000000024,20,0.007980845969672785,0.002019154030327224,-0.002019154030327224,0.00030813130650815415,0.019168982119074047,0.018933346048510335,0.0345015823841095,0.007528552319854498,0.01908803976278203,0.03082827292382717,0,0.29236774506596364,PASS,0.019324093650756602,FAIL,0.0,FAIL,0.10389727957224008,NO
15,2506,25.060000000000024,20,0.007980845969672785,0.002019154030327224,-0.002019154030327224,0.00030868189167826334,0.019207415803998824,0.018971436953392096,0.03405502438545227,0.007539959158748388,0.019185354419245543,0.03212923929095268,0,0.29236774506596364,PASS,0.019324093650756602,FAIL,0.0,FAIL,0.10389727957224008,NO
20,2506,25.060000000000024,20,0.007980845969672785,0.002019154030327224,-0.002019154030327224,0.0003096032744339734,0.019341569427913673,0.019106456873149085,0.04991285502910614,0.007545598782598972,0.01938991329124368,0.032905664294958115,0,0.29236774506596364,PASS,0.019324093650756602,FAIL,0.0,FAIL,0.10389727957224008,NO
25,2506,25.060000000000024,19,0.007581803671189146,0.002418196328810863,-0.002418196328810863,0.00031009168337922454,0.01941393212722851,0.01917930455812969,0.05270050838589668,0.007548907771706581,0.01941625413251113,0.033109501004219055,0,0.20377646476443767,PASS,0.012253326037854229,FAIL,0.0,FAIL,0.07200993026743063,NO
