w,T,Expected Viol.,Violations,Violation Rate,VR Gap,Coverage Bias,Tick Loss,Winkler Score,Mean VaR Level,Max VaR Level,Min VaR Level,Mean VaR 2020,Max VaR 2020,n_negative_var,p_UC,UC Test,p_CC,CC Test,p_DQ,DQ Test,p_Mean,Valid(CC&DQ)
1,1256,12.560000000000011,8,0.006369426751592357,0.003630573248407652,-0.003630573248407652,0.0002292379981739002,0.01852428292170326,0.018434690298204114,0.021454907953739166,0.013481535017490387,,,0,0.1659126368077063,PASS,0.36382958621753203,PASS,0.7335698973533165,PASS,0.4211040401261849,YES
5,1256,12.560000000000011,8,0.006369426751592357,0.003630573248407652,-0.003630573248407652,0.00023179947783398352,0.01882820271456876,0.018739595077190384,0.02980637364089489,0.01359384972602129,,,0,0.1659126368077063,PASS,0.36382958621753203,PASS,0.7335698973533165,PASS,0.4211040401261849,YES
10,1256,12.560000000000011,8,0.006369426751592357,0.003630573248407652,-0.003630573248407652,0.00023898296298381056,0.020136457122976185,0.02006001249370966,0.03518108278512955,0.013603574596345425,,,0,0.1659126368077063,PASS,0.36382958621753203,PASS,0.7335698973533165,PASS,0.4211040401261849,YES
15,1256,12.560000000000011,8,0.006369426751592357,0.003630573248407652,-0.003630573248407652,0.0002423027618324201,0.020551903298805532,0.020477179623991964,0.03627611696720123,0.014045671559870243,,,0,0.1659126368077063,PASS,0.36382958621753203,PASS,0.7335698973533165,PASS,0.4211040401261849,YES
20,1256,12.560000000000011,7,0.005573248407643312,0.004426751592356697,-0.004426751592356697,0.0002428301590027864,0.020674628163878727,0.02060134748180818,0.03705416992306709,0.015363961458206177,,,0,0.08533072366897998,PASS,0.21883743467938344,PASS,0.4746819445439818,PASS,0.2596167009641151,YES
25,1256,12.560000000000011,8,0.006369426751592357,0.003630573248407652,-0.003630573248407652,0.00024349715505761225,0.02074134578703475,0.020668065476462626,0.037443291395902634,0.016067465767264366,,,0,0.1659126368077063,PASS,0.36382958621753203,PASS,0.7335698973533165,PASS,0.4211040401261849,YES
